"log_text","label","suggested_fix"
"GitHub Actions step Run npm ci failed with npm ERR! code EUSAGE. The npm ci command can only install with an existing package-lock.json or npm-shrinkwrap.json.","npm_missing_lockfile","Commit package-lock.json or use npm install to generate it before running npm ci."
"npm ci exited 1 because package-lock.json was not found in the repository checkout. Error: Process completed with exit code 1.","npm_missing_lockfile","Commit package-lock.json or use npm install to generate it before running npm ci."
"Run npm ci
npm ERR! Missing lockfile: package-lock.json. npm ci requires package.json and package-lock.json to be in sync.","npm_missing_lockfile","Commit package-lock.json or use npm install to generate it before running npm ci."
"CI install dependencies failed: npm ERR! The npm ci command requires an existing lockfile with lockfileVersion >= 1.","npm_missing_lockfile","Commit package-lock.json or use npm install to generate it before running npm ci."
"frontend install step failed on ubuntu-latest. npm ERR! code EUSAGE npm ERR! This command requires package-lock.json.","npm_missing_lockfile","Commit package-lock.json or use npm install to generate it before running npm ci."
"Docker build failed at RUN npm ci: npm ERR! package-lock.json or npm-shrinkwrap.json not found after COPY package*.json ./","npm_missing_lockfile","Commit package-lock.json or use npm install to generate it before running npm ci."
"Node.js workflow error: npm ci cannot continue because the lockfile is missing from the source tree.","npm_missing_lockfile","Commit package-lock.json or use npm install to generate it before running npm ci."
"actions/setup-node completed, then npm ci failed: Missing package-lock.json in workspace /home/runner/work/app/app.","npm_missing_lockfile","Commit package-lock.json or use npm install to generate it before running npm ci."
"Error: npm ci failed because package-lock.json was deleted from the branch. Process completed with exit code 1.","npm_missing_lockfile","Commit package-lock.json or use npm install to generate it before running npm ci."
"Run npm ci --prefer-offline
npm ERR! code EUSAGE
npm ERR! Missing package-lock.json file required for clean install.","npm_missing_lockfile","Commit package-lock.json or use npm install to generate it before running npm ci."
"CI dependency installation stopped before tests. npm ci requires an existing lockfile but none was committed.","npm_missing_lockfile","Commit package-lock.json or use npm install to generate it before running npm ci."
"npm ERR! Clean install a project requires a package-lock.json file. Found package.json only.","npm_missing_lockfile","Commit package-lock.json or use npm install to generate it before running npm ci."
"GitHub Actions log: npm ci --ignore-scripts returned EUSAGE due to absent npm lockfile.","npm_missing_lockfile","Commit package-lock.json or use npm install to generate it before running npm ci."
"Build job failed in install phase. npm ci reports no package-lock.json present in repository root.","npm_missing_lockfile","Commit package-lock.json or use npm install to generate it before running npm ci."
"Run npm ci in apps/web failed because package-lock.json is missing in apps/web.","npm_missing_lockfile","Commit package-lock.json or use npm install to generate it before running npm ci."
"monorepo web package install failed: npm ci expected package-lock.json next to package.json.","npm_missing_lockfile","Commit package-lock.json or use npm install to generate it before running npm ci."
"npm ci failed after checkout: npm ERR! This command requires an existing package-lock.json with lockfileVersion.","npm_missing_lockfile","Commit package-lock.json or use npm install to generate it before running npm ci."
"CI log shows npm ERR! enoent open package-lock.json during npm ci step.","npm_missing_lockfile","Commit package-lock.json or use npm install to generate it before running npm ci."
"Install Dependencies step failed: cannot run npm ci without package-lock.json checked into git.","npm_missing_lockfile","Commit package-lock.json or use npm install to generate it before running npm ci."
"GitHub runner error: npm ci cannot create a new lockfile; commit package-lock.json first.","npm_missing_lockfile","Commit package-lock.json or use npm install to generate it before running npm ci."
"npm ci in workflow node.yml returned EUSAGE because package-lock.json was ignored by .gitignore.","npm_missing_lockfile","Commit package-lock.json or use npm install to generate it before running npm ci."
"The lockfile package-lock.json was not copied into Docker image before RUN npm ci.","npm_missing_lockfile","Commit package-lock.json or use npm install to generate it before running npm ci."
"Run npm ci --audit=false failed: npm ERR! package-lock.json is required for reproducible installs.","npm_missing_lockfile","Commit package-lock.json or use npm install to generate it before running npm ci."
"CI failed immediately after npm setup. Found no package-lock.json for npm ci clean install.","npm_missing_lockfile","Commit package-lock.json or use npm install to generate it before running npm ci."
"npm ERR! usage error: npm ci requires package-lock.json, npm-shrinkwrap.json, or package-lock v1+.","npm_missing_lockfile","Commit package-lock.json or use npm install to generate it before running npm ci."
"The workflow checked out source but package-lock.json is absent, causing npm ci exit code 1.","npm_missing_lockfile","Commit package-lock.json or use npm install to generate it before running npm ci."
"Install step in pull_request workflow failed because lockfile was missing from the branch.","npm_missing_lockfile","Commit package-lock.json or use npm install to generate it before running npm ci."
"npm ci cannot proceed in /home/runner/work/project/project/frontend without package-lock.json.","npm_missing_lockfile","Commit package-lock.json or use npm install to generate it before running npm ci."
"GitHub Actions dependency cache restored, but npm ci still failed due to missing package-lock.json.","npm_missing_lockfile","Commit package-lock.json or use npm install to generate it before running npm ci."
"CI clean install error: npm ERR! No lockfile found. package-lock.json must be committed.","npm_missing_lockfile","Commit package-lock.json or use npm install to generate it before running npm ci."
"Run npm test
npm ERR! Missing script: ""test""
npm ERR! To see a list of scripts, run npm run.","npm_missing_test_script","Add a test script to package.json or update the CI workflow to run the correct npm script."
"GitHub Actions test step failed: npm ERR! missing script: test. Process completed with exit code 1.","npm_missing_test_script","Add a test script to package.json or update the CI workflow to run the correct npm script."
"npm test exited with code 1 because package.json has no scripts.test entry.","npm_missing_test_script","Add a test script to package.json or update the CI workflow to run the correct npm script."
"CI log: npm ERR! Missing script: ""test"" after successful npm ci.","npm_missing_test_script","Add a test script to package.json or update the CI workflow to run the correct npm script."
"Run npm run test failed with npm ERR! Missing script: test in frontend/package.json.","npm_missing_test_script","Add a test script to package.json or update the CI workflow to run the correct npm script."
"Node test job failed: lifecycle script test is not defined for this package.","npm_missing_test_script","Add a test script to package.json or update the CI workflow to run the correct npm script."
"npm ERR! missing script: test. Available scripts are dev, build, preview.","npm_missing_test_script","Add a test script to package.json or update the CI workflow to run the correct npm script."
"The workflow calls npm test but this repository package.json does not define a test script.","npm_missing_test_script","Add a test script to package.json or update the CI workflow to run the correct npm script."
"Error: Process completed with exit code 1 after npm test reported Missing script: test.","npm_missing_test_script","Add a test script to package.json or update the CI workflow to run the correct npm script."
"pull_request checks failed at npm test because package scripts only include build and lint.","npm_missing_test_script","Add a test script to package.json or update the CI workflow to run the correct npm script."
"Run npm test -- --watch=false failed: npm ERR! Missing script: test.","npm_missing_test_script","Add a test script to package.json or update the CI workflow to run the correct npm script."
"npm run test:ci failed with npm ERR! Missing script: test:ci.","npm_missing_test_script","Add a test script to package.json or update the CI workflow to run the correct npm script."
"CI node job attempted npm test in apps/web but no test command exists in that package.json.","npm_missing_test_script","Add a test script to package.json or update the CI workflow to run the correct npm script."
"GitHub runner output: npm ERR! To see a list of scripts, run npm run. Missing script test.","npm_missing_test_script","Add a test script to package.json or update the CI workflow to run the correct npm script."
"Test phase failed before executing tests because package.json does not contain ""test"" script.","npm_missing_test_script","Add a test script to package.json or update the CI workflow to run the correct npm script."
"npm ERR! Missing script: ""test"" while running workflow job frontend-tests.","npm_missing_test_script","Add a test script to package.json or update the CI workflow to run the correct npm script."
"The npm test command is configured in .github/workflows/ci.yml but not in package.json.","npm_missing_test_script","Add a test script to package.json or update the CI workflow to run the correct npm script."
"CI completed install then failed with missing npm script test.","npm_missing_test_script","Add a test script to package.json or update the CI workflow to run the correct npm script."
"npm run test failed in workspace client: Missing script: test.","npm_missing_test_script","Add a test script to package.json or update the CI workflow to run the correct npm script."
"Node.js CI test command exited 1 because scripts.test is undefined.","npm_missing_test_script","Add a test script to package.json or update the CI workflow to run the correct npm script."
"Actions log: Run npm test produced npm ERR! missing script: test.","npm_missing_test_script","Add a test script to package.json or update the CI workflow to run the correct npm script."
"The repository uses vitest but package.json has no test script, causing npm test failure.","npm_missing_test_script","Add a test script to package.json or update the CI workflow to run the correct npm script."
"CI check failed: npm ERR! Missing script test in generated frontend workflow.","npm_missing_test_script","Add a test script to package.json or update the CI workflow to run the correct npm script."
"The job expected npm test but only npm run build is available.","npm_missing_test_script","Add a test script to package.json or update the CI workflow to run the correct npm script."
"npm test in package frontend returned missing script error, not a test assertion failure.","npm_missing_test_script","Add a test script to package.json or update the CI workflow to run the correct npm script."
"workflow node-ci.yml calls npm test and npm reported Missing script: ""test"".","npm_missing_test_script","Add a test script to package.json or update the CI workflow to run the correct npm script."
"Run tests step failed because package scripts do not define test.","npm_missing_test_script","Add a test script to package.json or update the CI workflow to run the correct npm script."
"npm ERR! missing script test. Use npm run to list available commands.","npm_missing_test_script","Add a test script to package.json or update the CI workflow to run the correct npm script."
"GitHub Actions frontend-tests job failed with npm missing script test.","npm_missing_test_script","Add a test script to package.json or update the CI workflow to run the correct npm script."
"npm test failed at lifecycle lookup: missing script named test.","npm_missing_test_script","Add a test script to package.json or update the CI workflow to run the correct npm script."
"Run npm install failed with npm ERR! code ERESOLVE unable to resolve dependency tree.","npm_install_failed","Fix npm dependency installation issues, clear the cache if needed, and ensure package.json contains valid dependency versions."
"npm ci failed: npm ERR! ERESOLVE could not resolve peer dependency react@18 required by package.","npm_install_failed","Fix npm dependency installation issues, clear the cache if needed, and ensure package.json contains valid dependency versions."
"GitHub Actions install step failed with npm ERR! network timeout while fetching package metadata.","npm_install_failed","Fix npm dependency installation issues, clear the cache if needed, and ensure package.json contains valid dependency versions."
"npm install exited 1: npm ERR! code ETARGET No matching version found for package example-ui@9.9.9.","npm_install_failed","Fix npm dependency installation issues, clear the cache if needed, and ensure package.json contains valid dependency versions."
"CI dependency install failed: npm ERR! integrity checksum failed when downloading package tarball.","npm_install_failed","Fix npm dependency installation issues, clear the cache if needed, and ensure package.json contains valid dependency versions."
"npm ERR! code ENOTFOUND registry.npmjs.org while installing dependencies in workflow.","npm_install_failed","Fix npm dependency installation issues, clear the cache if needed, and ensure package.json contains valid dependency versions."
"Run npm ci
npm ERR! Cannot read properties of undefined while resolving dependency tree.","npm_install_failed","Fix npm dependency installation issues, clear the cache if needed, and ensure package.json contains valid dependency versions."
"npm install failed because package.json contains invalid dependency version ""latestt"".","npm_install_failed","Fix npm dependency installation issues, clear the cache if needed, and ensure package.json contains valid dependency versions."
"GitHub runner failed during npm ci with peer dependency conflict between eslint and plugin versions.","npm_install_failed","Fix npm dependency installation issues, clear the cache if needed, and ensure package.json contains valid dependency versions."
"npm ERR! E401 Unable to authenticate, need public package access or configured registry token.","npm_install_failed","Fix npm dependency installation issues, clear the cache if needed, and ensure package.json contains valid dependency versions."
"Install Dependencies step failed: npm ERR! code ECONNRESET while fetching npm package.","npm_install_failed","Fix npm dependency installation issues, clear the cache if needed, and ensure package.json contains valid dependency versions."
"npm ci failed after cache restore: npm ERR! sha512 checksum integrity verification failed.","npm_install_failed","Fix npm dependency installation issues, clear the cache if needed, and ensure package.json contains valid dependency versions."
"npm ERR! Could not resolve dependency: peer vite@^5 required by plugin but vite@4 installed.","npm_install_failed","Fix npm dependency installation issues, clear the cache if needed, and ensure package.json contains valid dependency versions."
"CI log: npm install --legacy-peer-deps was not used and dependency tree resolution failed.","npm_install_failed","Fix npm dependency installation issues, clear the cache if needed, and ensure package.json contains valid dependency versions."
"npm ERR! ETARGET No matching version found for @types/node@99.0.0.","npm_install_failed","Fix npm dependency installation issues, clear the cache if needed, and ensure package.json contains valid dependency versions."
"npm install stopped with ENOSPC no space left on device while extracting node_modules.","npm_install_failed","Fix npm dependency installation issues, clear the cache if needed, and ensure package.json contains valid dependency versions."
"Node dependency installation failed in GitHub Actions with npm ERR! ERESOLVE overriding peer dependency.","npm_install_failed","Fix npm dependency installation issues, clear the cache if needed, and ensure package.json contains valid dependency versions."
"Run npm ci failed: package-lock.json contains dependency not present in package.json.","npm_install_failed","Fix npm dependency installation issues, clear the cache if needed, and ensure package.json contains valid dependency versions."
"npm ERR! Invalid package name found in dependencies during CI install.","npm_install_failed","Fix npm dependency installation issues, clear the cache if needed, and ensure package.json contains valid dependency versions."
"The npm install step failed before build due to unresolved dependency conflict.","npm_install_failed","Fix npm dependency installation issues, clear the cache if needed, and ensure package.json contains valid dependency versions."
"CI setup failed: npm ERR! tarball data for dependency seems to be corrupted.","npm_install_failed","Fix npm dependency installation issues, clear the cache if needed, and ensure package.json contains valid dependency versions."
"npm ci returned ELIFECYCLE while running dependency postinstall script.","npm_install_failed","Fix npm dependency installation issues, clear the cache if needed, and ensure package.json contains valid dependency versions."
"npm ERR! command sh -c node-gyp rebuild failed during npm install.","npm_install_failed","Fix npm dependency installation issues, clear the cache if needed, and ensure package.json contains valid dependency versions."
"GitHub Actions Node install failed because optional native dependency compilation failed.","npm_install_failed","Fix npm dependency installation issues, clear the cache if needed, and ensure package.json contains valid dependency versions."
"npm install failed with npm ERR! code EACCES permission denied creating node_modules cache.","npm_install_failed","Fix npm dependency installation issues, clear the cache if needed, and ensure package.json contains valid dependency versions."
"npm ERR! Failed at package postinstall script during dependency installation.","npm_install_failed","Fix npm dependency installation issues, clear the cache if needed, and ensure package.json contains valid dependency versions."
"CI log shows npm ERR! unable to resolve dependency tree for workspace packages.","npm_install_failed","Fix npm dependency installation issues, clear the cache if needed, and ensure package.json contains valid dependency versions."
"npm ci failed: lockfile package versions do not satisfy package.json requirements.","npm_install_failed","Fix npm dependency installation issues, clear the cache if needed, and ensure package.json contains valid dependency versions."
"Run npm install --no-audit failed with registry fetch 503 Service Unavailable.","npm_install_failed","Fix npm dependency installation issues, clear the cache if needed, and ensure package.json contains valid dependency versions."
"Dependency installation ended with npm ERR! cb() never called in CI runner.","npm_install_failed","Fix npm dependency installation issues, clear the cache if needed, and ensure package.json contains valid dependency versions."
"Run npm run build failed: vite build exited with error TS2304 Cannot find name process.","npm_build_failed","Fix the frontend build error locally, then rerun npm run build in CI."
"GitHub Actions build step failed with npm ERR! command failed npm run build.","npm_build_failed","Fix the frontend build error locally, then rerun npm run build in CI."
"npm run build returned exit code 1 after TypeScript compilation error in src/App.tsx.","npm_build_failed","Fix the frontend build error locally, then rerun npm run build in CI."
"vite build failed: Rollup failed to resolve import ./MissingComponent from src/main.tsx.","npm_build_failed","Fix the frontend build error locally, then rerun npm run build in CI."
"CI frontend build failed: error during build: Could not resolve module @/components/Header.","npm_build_failed","Fix the frontend build error locally, then rerun npm run build in CI."
"npm ERR! lifecycle build failed. react-scripts build exited with status 1.","npm_build_failed","Fix the frontend build error locally, then rerun npm run build in CI."
"Run npm run build
Type error: Property id does not exist on type User.","npm_build_failed","Fix the frontend build error locally, then rerun npm run build in CI."
"Build job failed after npm ci: tsc exited with code 2.","npm_build_failed","Fix the frontend build error locally, then rerun npm run build in CI."
"GitHub runner output: npm run build failed because ESLint found blocking errors.","npm_build_failed","Fix the frontend build error locally, then rerun npm run build in CI."
"Next.js build failed: Failed to compile. Module not found: Cannot resolve fs in browser bundle.","npm_build_failed","Fix the frontend build error locally, then rerun npm run build in CI."
"Vite production build failed with syntax error Unexpected token in src/pages/Dashboard.tsx.","npm_build_failed","Fix the frontend build error locally, then rerun npm run build in CI."
"npm run build failed: Cannot find module vite from project root.","npm_build_failed","Fix the frontend build error locally, then rerun npm run build in CI."
"CI error: build script returned non-zero exit code after TypeScript check.","npm_build_failed","Fix the frontend build error locally, then rerun npm run build in CI."
"frontend build failed because environment variable VITE_API_BASE_URL is referenced incorrectly.","npm_build_failed","Fix the frontend build error locally, then rerun npm run build in CI."
"Run npm run build failed with JavaScript heap out of memory in production bundle.","npm_build_failed","Fix the frontend build error locally, then rerun npm run build in CI."
"npm ERR! code ELIFECYCLE npm ERR! app@1.0.0 build: vite build.","npm_build_failed","Fix the frontend build error locally, then rerun npm run build in CI."
"The generated workflow passed install but failed at npm run build due to missing export.","npm_build_failed","Fix the frontend build error locally, then rerun npm run build in CI."
"TypeScript build failed: Type string is not assignable to type number in src/types/index.ts.","npm_build_failed","Fix the frontend build error locally, then rerun npm run build in CI."
"GitHub Actions CI failed: npm run build produced dist compile errors.","npm_build_failed","Fix the frontend build error locally, then rerun npm run build in CI."
"npm build step failed because package.json has build script but imported file path is wrong.","npm_build_failed","Fix the frontend build error locally, then rerun npm run build in CI."
"React production build failed: Module not found: Error: Cannot resolve ./styles.css.","npm_build_failed","Fix the frontend build error locally, then rerun npm run build in CI."
"Run npm run build --if-present found build script and it exited with status 1.","npm_build_failed","Fix the frontend build error locally, then rerun npm run build in CI."
"CI build output: vite v5 building for production... error: Failed to resolve import.","npm_build_failed","Fix the frontend build error locally, then rerun npm run build in CI."
"npm run build failed after lint: tsc --noEmit found type errors.","npm_build_failed","Fix the frontend build error locally, then rerun npm run build in CI."
"Webpack build failed in GitHub Actions with Module parse failed: Unexpected token.","npm_build_failed","Fix the frontend build error locally, then rerun npm run build in CI."
"Build frontend step failed: npm ERR! Failed at the web@0.1.0 build script.","npm_build_failed","Fix the frontend build error locally, then rerun npm run build in CI."
"Node CI job failed in build stage, not install stage: npm run build returned 1.","npm_build_failed","Fix the frontend build error locally, then rerun npm run build in CI."
"The app compiles locally but CI build failed due to case-sensitive import path mismatch.","npm_build_failed","Fix the frontend build error locally, then rerun npm run build in CI."
"GitHub Actions ubuntu runner failed: Cannot find file src/components/navbar.tsx imported as Navbar.","npm_build_failed","Fix the frontend build error locally, then rerun npm run build in CI."
"npm run build stopped because TypeScript strict mode rejected implicit any in component props.","npm_build_failed","Fix the frontend build error locally, then rerun npm run build in CI."
"Run pip install -r requirements.txt completed, then python app.py failed: ModuleNotFoundError: No module named fastapi.","python_missing_dependency","Add the missing package to requirements.txt or pyproject.toml and reinstall dependencies in CI."
"GitHub Actions Python job failed: ImportError No module named requests during test collection.","python_missing_dependency","Add the missing package to requirements.txt or pyproject.toml and reinstall dependencies in CI."
"pytest failed during import because dependency pydantic_settings is not installed.","python_missing_dependency","Add the missing package to requirements.txt or pyproject.toml and reinstall dependencies in CI."
"CI log: ModuleNotFoundError: No module named sqlalchemy. Add it to requirements.txt.","python_missing_dependency","Add the missing package to requirements.txt or pyproject.toml and reinstall dependencies in CI."
"Python workflow failed after setup-python: ImportError: No module named uvicorn.","python_missing_dependency","Add the missing package to requirements.txt or pyproject.toml and reinstall dependencies in CI."
"Run python -m pytest failed while importing app.main: No module named jose.","python_missing_dependency","Add the missing package to requirements.txt or pyproject.toml and reinstall dependencies in CI."
"Dependency missing in CI image: ModuleNotFoundError: No module named pandas.","python_missing_dependency","Add the missing package to requirements.txt or pyproject.toml and reinstall dependencies in CI."
"Test collection error: No module named sklearn after installing requirements.","python_missing_dependency","Add the missing package to requirements.txt or pyproject.toml and reinstall dependencies in CI."
"GitHub Actions backend tests failed because python-dotenv is missing from requirements.txt.","python_missing_dependency","Add the missing package to requirements.txt or pyproject.toml and reinstall dependencies in CI."
"ImportError while loading conftest.py: No module named httpx.","python_missing_dependency","Add the missing package to requirements.txt or pyproject.toml and reinstall dependencies in CI."
"CI failed: ModuleNotFoundError: No module named alembic when running migration check.","python_missing_dependency","Add the missing package to requirements.txt or pyproject.toml and reinstall dependencies in CI."
"Python job error: No module named asyncpg while connecting to test database.","python_missing_dependency","Add the missing package to requirements.txt or pyproject.toml and reinstall dependencies in CI."
"Run python script failed with ImportError cannot import name BaseSettings because pydantic-settings is missing.","python_missing_dependency","Add the missing package to requirements.txt or pyproject.toml and reinstall dependencies in CI."
"pytest collection failed: ModuleNotFoundError: No module named passlib.","python_missing_dependency","Add the missing package to requirements.txt or pyproject.toml and reinstall dependencies in CI."
"The backend starts locally but CI fails because bcrypt dependency was not installed.","python_missing_dependency","Add the missing package to requirements.txt or pyproject.toml and reinstall dependencies in CI."
"GitHub runner log: No module named yaml when workflow generator test imports PyYAML.","python_missing_dependency","Add the missing package to requirements.txt or pyproject.toml and reinstall dependencies in CI."
"Python import failed: No module named github. PyGithub dependency is missing.","python_missing_dependency","Add the missing package to requirements.txt or pyproject.toml and reinstall dependencies in CI."
"CI test setup missing package: ModuleNotFoundError: No module named langchain.","python_missing_dependency","Add the missing package to requirements.txt or pyproject.toml and reinstall dependencies in CI."
"Run python -m app.main failed: No module named structlog.","python_missing_dependency","Add the missing package to requirements.txt or pyproject.toml and reinstall dependencies in CI."
"Backend unit tests failed before execution because email_validator is not installed.","python_missing_dependency","Add the missing package to requirements.txt or pyproject.toml and reinstall dependencies in CI."
"Missing Python dependency in CI: ImportError No module named multipart.","python_missing_dependency","Add the missing package to requirements.txt or pyproject.toml and reinstall dependencies in CI."
"setup-python succeeded but pip dependencies skipped; app import failed for fastapi.","python_missing_dependency","Add the missing package to requirements.txt or pyproject.toml and reinstall dependencies in CI."
"ModuleNotFoundError: No module named numpy when loading trained model artifact.","python_missing_dependency","Add the missing package to requirements.txt or pyproject.toml and reinstall dependencies in CI."
"CI failed importing joblib because joblib is not listed in requirements.","python_missing_dependency","Add the missing package to requirements.txt or pyproject.toml and reinstall dependencies in CI."
"Python job log shows missing dependency redis when importing Celery app.","python_missing_dependency","Add the missing package to requirements.txt or pyproject.toml and reinstall dependencies in CI."
"ImportError No module named docker while loading Docker tool tests.","python_missing_dependency","Add the missing package to requirements.txt or pyproject.toml and reinstall dependencies in CI."
"pytest cannot import starlette.testclient because package stack is incomplete.","python_missing_dependency","Add the missing package to requirements.txt or pyproject.toml and reinstall dependencies in CI."
"Run backend tests failed: No module named cryptography required by jose backend.","python_missing_dependency","Add the missing package to requirements.txt or pyproject.toml and reinstall dependencies in CI."
"Python app crashed on startup: ModuleNotFoundError: No module named psycopg.","python_missing_dependency","Add the missing package to requirements.txt or pyproject.toml and reinstall dependencies in CI."
"CI import error: missing dependency slowapi from requirements file.","python_missing_dependency","Add the missing package to requirements.txt or pyproject.toml and reinstall dependencies in CI."
"Run pytest failed: bash: pytest: command not found. Error: Process completed with exit code 127.","pytest_not_found","Install pytest in the CI environment or add it to the test dependencies."
"GitHub Actions backend test step failed because pytest is not installed in the virtual environment.","pytest_not_found","Install pytest in the CI environment or add it to the test dependencies."
"python -m pytest failed: No module named pytest.","pytest_not_found","Install pytest in the CI environment or add it to the test dependencies."
"CI log: /bin/sh: 1: pytest: not found after pip install step.","pytest_not_found","Install pytest in the CI environment or add it to the test dependencies."
"Run tests step used pytest tests -v but command was not available on PATH.","pytest_not_found","Install pytest in the CI environment or add it to the test dependencies."
"pytest: command not found in ubuntu-latest runner. Add pytest to requirements-dev.txt.","pytest_not_found","Install pytest in the CI environment or add it to the test dependencies."
"Backend workflow failed before collection: No module named pytest.","pytest_not_found","Install pytest in the CI environment or add it to the test dependencies."
"The job installed production requirements only, then python -m pytest could not find pytest.","pytest_not_found","Install pytest in the CI environment or add it to the test dependencies."
"GitHub runner output: pytest is not recognized as an internal or external command.","pytest_not_found","Install pytest in the CI environment or add it to the test dependencies."
"CI test command exited 127 because pytest executable was missing.","pytest_not_found","Install pytest in the CI environment or add it to the test dependencies."
"Run python -m pytest tests failed with ModuleNotFoundError: No module named pytest.","pytest_not_found","Install pytest in the CI environment or add it to the test dependencies."
"pytest not found after setup-python because pip install -r requirements.txt did not include test dependencies.","pytest_not_found","Install pytest in the CI environment or add it to the test dependencies."
"Test Backend step failed: command pytest unavailable.","pytest_not_found","Install pytest in the CI environment or add it to the test dependencies."
"CI environment has Python but no pytest package installed.","pytest_not_found","Install pytest in the CI environment or add it to the test dependencies."
"Workflow called pytest --cov app and shell returned command not found.","pytest_not_found","Install pytest in the CI environment or add it to the test dependencies."
"The backend test stage failed immediately with /usr/bin/bash: pytest: command not found.","pytest_not_found","Install pytest in the CI environment or add it to the test dependencies."
"No tests ran because pytest module was missing from the CI environment.","pytest_not_found","Install pytest in the CI environment or add it to the test dependencies."
"Run pytest -q returned exit code 127 in GitHub Actions.","pytest_not_found","Install pytest in the CI environment or add it to the test dependencies."
"python3 -m pytest cannot run because pytest is not installed.","pytest_not_found","Install pytest in the CI environment or add it to the test dependencies."
"CI logs show pip install skipped dev extras, then pytest command failed.","pytest_not_found","Install pytest in the CI environment or add it to the test dependencies."
"Backend CI: pytest executable not found in venv/bin.","pytest_not_found","Install pytest in the CI environment or add it to the test dependencies."
"Test job failed with ModuleNotFoundError for pytest during command python -m pytest.","pytest_not_found","Install pytest in the CI environment or add it to the test dependencies."
"The test runner image did not include pytest, causing backend checks to fail.","pytest_not_found","Install pytest in the CI environment or add it to the test dependencies."
"Run unit tests step: pytest: not found.","pytest_not_found","Install pytest in the CI environment or add it to the test dependencies."
"GitHub Actions Python test command failed before loading application: No module named pytest.","pytest_not_found","Install pytest in the CI environment or add it to the test dependencies."
"pytest --cov=app failed because pytest package is missing.","pytest_not_found","Install pytest in the CI environment or add it to the test dependencies."
"Shell output: line 1: pytest: command not found.","pytest_not_found","Install pytest in the CI environment or add it to the test dependencies."
"CI dependency file lacks pytest, so test command cannot execute.","pytest_not_found","Install pytest in the CI environment or add it to the test dependencies."
"The workflow used pip install -r requirements.txt but pytest lives in dev requirements not installed.","pytest_not_found","Install pytest in the CI environment or add it to the test dependencies."
"Python test stage exited 127: pytest command unavailable.","pytest_not_found","Install pytest in the CI environment or add it to the test dependencies."
"pytest collection failed: ModuleNotFoundError: No module named app.services.user_service.","module_not_found","Install the missing Python module or fix the import path/package configuration."
"Run python -m pytest failed importing tests: No module named backend.app.","module_not_found","Install the missing Python module or fix the import path/package configuration."
"GitHub Actions log: ModuleNotFoundError: No module named src when running tests.","module_not_found","Install the missing Python module or fix the import path/package configuration."
"Python import error: cannot import module app.main because PYTHONPATH is not configured.","module_not_found","Install the missing Python module or fix the import path/package configuration."
"CI failed: ModuleNotFoundError: No module named config after moving files.","module_not_found","Install the missing Python module or fix the import path/package configuration."
"Test collection error: ImportError while importing test module tests/test_api.py No module named api.","module_not_found","Install the missing Python module or fix the import path/package configuration."
"ModuleNotFoundError: No module named common.utils in GitHub Actions but works locally.","module_not_found","Install the missing Python module or fix the import path/package configuration."
"Run python scripts/train.py failed: No module named ml.dataset_loader.","module_not_found","Install the missing Python module or fix the import path/package configuration."
"CI backend job failed: No module named app because tests run from repository root.","module_not_found","Install the missing Python module or fix the import path/package configuration."
"ImportError: attempted relative import with no known parent package during pytest collection.","module_not_found","Install the missing Python module or fix the import path/package configuration."
"ModuleNotFoundError: No module named project when executing python -m pytest.","module_not_found","Install the missing Python module or fix the import path/package configuration."
"GitHub runner output: No module named services after package folder rename.","module_not_found","Install the missing Python module or fix the import path/package configuration."
"Python test failed importing from app.api.routes.health: No module named app.api.","module_not_found","Install the missing Python module or fix the import path/package configuration."
"CI error: src package not found. Set PYTHONPATH or install project with pip install -e .","module_not_found","Install the missing Python module or fix the import path/package configuration."
"ModuleNotFoundError: No module named tests.helpers while collecting tests.","module_not_found","Install the missing Python module or fix the import path/package configuration."
"Run pytest failed with import path issue: No module named application.","module_not_found","Install the missing Python module or fix the import path/package configuration."
"The package imports local module settings but CI cannot find it.","module_not_found","Install the missing Python module or fix the import path/package configuration."
"ImportError in conftest.py: No module named app.core.database.","module_not_found","Install the missing Python module or fix the import path/package configuration."
"Python job failed: ModuleNotFoundError for internal module workers.tasks.","module_not_found","Install the missing Python module or fix the import path/package configuration."
"CI starts from backend directory and cannot import root-level package shared.","module_not_found","Install the missing Python module or fix the import path/package configuration."
"No module named main when uvicorn main:app is run from wrong working directory.","module_not_found","Install the missing Python module or fix the import path/package configuration."
"pytest error: ModuleNotFoundError: No module named models due to missing __init__.py.","module_not_found","Install the missing Python module or fix the import path/package configuration."
"GitHub Actions test log shows local package not installed, causing internal imports to fail.","module_not_found","Install the missing Python module or fix the import path/package configuration."
"Run python -m app.worker failed: No module named app.worker because module path is incorrect.","module_not_found","Install the missing Python module or fix the import path/package configuration."
"ImportError: No module named utils.file_loader from tests/test_loader.py.","module_not_found","Install the missing Python module or fix the import path/package configuration."
"CI failed to import routers because package path was not added to sys.path.","module_not_found","Install the missing Python module or fix the import path/package configuration."
"ModuleNotFoundError: No module named backend when running from backend folder.","module_not_found","Install the missing Python module or fix the import path/package configuration."
"The import app.schemas.schemas failed in CI due to wrong working-directory in workflow.","module_not_found","Install the missing Python module or fix the import path/package configuration."
"Python cannot find local module cicd after repository restructure.","module_not_found","Install the missing Python module or fix the import path/package configuration."
"No module named devops_assistant when package is not installed before tests.","module_not_found","Install the missing Python module or fix the import path/package configuration."
"Run mvn test failed: There are test failures. Please refer to target/surefire-reports for details.","maven_test_failed","Review failing Maven test reports, fix the failing tests, then rerun mvn test."
"GitHub Actions Java job failed with Maven Surefire plugin: There are failing tests.","maven_test_failed","Review failing Maven test reports, fix the failing tests, then rerun mvn test."
"mvn -B test exited 1 because com.example.UserServiceTest.testCreateUser failed.","maven_test_failed","Review failing Maven test reports, fix the failing tests, then rerun mvn test."
"CI log: Failed tests: shouldReturnHealthStatus expected 200 but was 500.","maven_test_failed","Review failing Maven test reports, fix the failing tests, then rerun mvn test."
"Maven test phase failed: org.opentest4j.AssertionFailedError expected true but was false.","maven_test_failed","Review failing Maven test reports, fix the failing tests, then rerun mvn test."
"Run mvn verify failed during surefire:test with 2 failures and 0 errors.","maven_test_failed","Review failing Maven test reports, fix the failing tests, then rerun mvn test."
"Java CI failed: Tests run: 48, Failures: 1, Errors: 0, Skipped: 0.","maven_test_failed","Review failing Maven test reports, fix the failing tests, then rerun mvn test."
"mvn test produced BUILD FAILURE because unit tests failed.","maven_test_failed","Review failing Maven test reports, fix the failing tests, then rerun mvn test."
"GitHub runner output: [ERROR] Failures: OrderControllerTest.createOrder: expected 201 but was 400.","maven_test_failed","Review failing Maven test reports, fix the failing tests, then rerun mvn test."
"Surefire report indicates failing JUnit test in PaymentServiceTest.","maven_test_failed","Review failing Maven test reports, fix the failing tests, then rerun mvn test."
"Maven build reached test phase and failed due to assertion failure.","maven_test_failed","Review failing Maven test reports, fix the failing tests, then rerun mvn test."
"CI Java test step failed: Failed to execute goal org.apache.maven.plugins:maven-surefire-plugin:test.","maven_test_failed","Review failing Maven test reports, fix the failing tests, then rerun mvn test."
"Run mvn -B test --no-transfer-progress ended with BUILD FAILURE caused by failed tests.","maven_test_failed","Review failing Maven test reports, fix the failing tests, then rerun mvn test."
"JUnit Jupiter test failed in GitHub Actions but compilation succeeded.","maven_test_failed","Review failing Maven test reports, fix the failing tests, then rerun mvn test."
"Maven test summary: Tests run: 12, Failures: 2, Errors: 0, Skipped: 0.","maven_test_failed","Review failing Maven test reports, fix the failing tests, then rerun mvn test."
"Java workflow failed after dependency download: surefire reports test failure.","maven_test_failed","Review failing Maven test reports, fix the failing tests, then rerun mvn test."
"mvn test failed: AssertionFailedError in RepositoryTest.findById.","maven_test_failed","Review failing Maven test reports, fix the failing tests, then rerun mvn test."
"The Maven CI job failed because integration test expected active profile test.","maven_test_failed","Review failing Maven test reports, fix the failing tests, then rerun mvn test."
"BUILD FAILURE in maven-surefire-plugin due to failing unit tests.","maven_test_failed","Review failing Maven test reports, fix the failing tests, then rerun mvn test."
"GitHub Actions log: Please refer to target/surefire-reports for individual test results.","maven_test_failed","Review failing Maven test reports, fix the failing tests, then rerun mvn test."
"Maven test phase returned non-zero exit code from JUnit tests.","maven_test_failed","Review failing Maven test reports, fix the failing tests, then rerun mvn test."
"Run mvn verify failed because Failsafe integration tests failed.","maven_test_failed","Review failing Maven test reports, fix the failing tests, then rerun mvn test."
"Java backend check failed: CustomerServiceTest shouldValidateEmail failed assertion.","maven_test_failed","Review failing Maven test reports, fix the failing tests, then rerun mvn test."
"mvn test output shows one failed test and no compilation errors.","maven_test_failed","Review failing Maven test reports, fix the failing tests, then rerun mvn test."
"SurefireBooterForkException occurred while running Maven tests in CI.","maven_test_failed","Review failing Maven test reports, fix the failing tests, then rerun mvn test."
"CI job java-tests failed: testLoginReturnsToken expected not null but was null.","maven_test_failed","Review failing Maven test reports, fix the failing tests, then rerun mvn test."
"Maven Surefire plugin reported test failures in ApplicationTests.contextLoads.","maven_test_failed","Review failing Maven test reports, fix the failing tests, then rerun mvn test."
"The generated Java workflow reached mvn test and tests failed.","maven_test_failed","Review failing Maven test reports, fix the failing tests, then rerun mvn test."
"Run Maven tests step failed with BUILD FAILURE after test execution.","maven_test_failed","Review failing Maven test reports, fix the failing tests, then rerun mvn test."
"JUnit test failure in CI: expected status OK but was INTERNAL_SERVER_ERROR.","maven_test_failed","Review failing Maven test reports, fix the failing tests, then rerun mvn test."
"Run docker build . failed: failed to solve: process /bin/sh -c npm ci did not complete successfully.","docker_build_failed","Fix the Dockerfile build step, verify copied files and commands, then rebuild the image."
"GitHub Actions Docker build failed: COPY package.json package-lock.json ./ no source files were specified.","docker_build_failed","Fix the Dockerfile build step, verify copied files and commands, then rebuild the image."
"docker build exited 1 because Dockerfile line 8 RUN pip install -r requirements.txt failed.","docker_build_failed","Fix the Dockerfile build step, verify copied files and commands, then rebuild the image."
"CI log: failed to solve with frontend dockerfile.v0: failed to read dockerfile: open Dockerfile: no such file or directory.","docker_build_failed","Fix the Dockerfile build step, verify copied files and commands, then rebuild the image."
"Docker build failed: COPY failed file not found in build context or excluded by .dockerignore.","docker_build_failed","Fix the Dockerfile build step, verify copied files and commands, then rebuild the image."
"Build image step failed: executor failed running [/bin/sh -c npm run build]: exit code 1.","docker_build_failed","Fix the Dockerfile build step, verify copied files and commands, then rebuild the image."
"docker buildx build failed with error: no matching manifest for linux/amd64 in base image.","docker_build_failed","Fix the Dockerfile build step, verify copied files and commands, then rebuild the image."
"GitHub runner output: failed to compute cache key: failed to calculate checksum of missing file requirements.txt.","docker_build_failed","Fix the Dockerfile build step, verify copied files and commands, then rebuild the image."
"Dockerfile build error: apt-get update returned non-zero code 100.","docker_build_failed","Fix the Dockerfile build step, verify copied files and commands, then rebuild the image."
"Run docker build -t app . failed because WORKDIR command path was invalid.","docker_build_failed","Fix the Dockerfile build step, verify copied files and commands, then rebuild the image."
"CI Docker build failed at RUN python -m pytest with exit code 1.","docker_build_failed","Fix the Dockerfile build step, verify copied files and commands, then rebuild the image."
"failed to solve: process /bin/sh -c pip install --no-cache-dir -r requirements.txt exited 1.","docker_build_failed","Fix the Dockerfile build step, verify copied files and commands, then rebuild the image."
"Docker build could not find target stage production in Dockerfile.","docker_build_failed","Fix the Dockerfile build step, verify copied files and commands, then rebuild the image."
"BuildKit error: failed to parse Dockerfile: unknown instruction RUNN.","docker_build_failed","Fix the Dockerfile build step, verify copied files and commands, then rebuild the image."
"docker build failed because .dockerignore excluded package-lock.json required by npm ci.","docker_build_failed","Fix the Dockerfile build step, verify copied files and commands, then rebuild the image."
"Image build step failed: COPY backend/requirements.txt ./ returned not found.","docker_build_failed","Fix the Dockerfile build step, verify copied files and commands, then rebuild the image."
"GitHub Actions log: docker build . returned error failed to solve LLB definition.","docker_build_failed","Fix the Dockerfile build step, verify copied files and commands, then rebuild the image."
"Docker build failed at layer RUN mvn package -DskipTests due to command exit 1.","docker_build_failed","Fix the Dockerfile build step, verify copied files and commands, then rebuild the image."
"The workflow reached docker/build-push-action and failed during local image build.","docker_build_failed","Fix the Dockerfile build step, verify copied files and commands, then rebuild the image."
"failed to solve: process /bin/sh -c yarn install --frozen-lockfile did not complete successfully.","docker_build_failed","Fix the Dockerfile build step, verify copied files and commands, then rebuild the image."
"Dockerfile line 12 COPY dist/ /usr/share/nginx/html failed because dist was not generated.","docker_build_failed","Fix the Dockerfile build step, verify copied files and commands, then rebuild the image."
"docker buildx build failed: invalid reference format for image tag.","docker_build_failed","Fix the Dockerfile build step, verify copied files and commands, then rebuild the image."
"CI container build stopped because Dockerfile referenced missing file app.jar.","docker_build_failed","Fix the Dockerfile build step, verify copied files and commands, then rebuild the image."
"Run docker build failed with permission denied executing entrypoint.sh.","docker_build_failed","Fix the Dockerfile build step, verify copied files and commands, then rebuild the image."
"Docker build failed: chmod cannot access start.sh no such file or directory.","docker_build_failed","Fix the Dockerfile build step, verify copied files and commands, then rebuild the image."
"Build image job failed after cache restore due to Dockerfile syntax error.","docker_build_failed","Fix the Dockerfile build step, verify copied files and commands, then rebuild the image."
"Docker build context missing backend directory, COPY backend ./backend failed.","docker_build_failed","Fix the Dockerfile build step, verify copied files and commands, then rebuild the image."
"Image build failed: npm ci command in Dockerfile returned exit code 1.","docker_build_failed","Fix the Dockerfile build step, verify copied files and commands, then rebuild the image."
"Docker Buildx failed to solve: process /bin/sh -c apk add build-base exited with code 1.","docker_build_failed","Fix the Dockerfile build step, verify copied files and commands, then rebuild the image."
"CI failed building container because base image node:99-alpine was not found.","docker_build_failed","Fix the Dockerfile build step, verify copied files and commands, then rebuild the image."
"GitHub Actions setup-node used Node.js 12 but package requires node >=18.","wrong_runtime_version","Use the runtime version required by the project in the CI setup step or Docker base image."
"npm install failed with EBADENGINE Unsupported engine: required node >=18 current node v14.21.3.","wrong_runtime_version","Use the runtime version required by the project in the CI setup step or Docker base image."
"Run npm run build failed because Vite requires Node.js version 18 or higher.","wrong_runtime_version","Use the runtime version required by the project in the CI setup step or Docker base image."
"Python setup used 3.8 but project requires Python >=3.11.","wrong_runtime_version","Use the runtime version required by the project in the CI setup step or Docker base image."
"CI log: RuntimeError Python 3.11 is required, current version is 3.10.","wrong_runtime_version","Use the runtime version required by the project in the CI setup step or Docker base image."
"Maven build failed: invalid target release 17 because runner JDK is 11.","wrong_runtime_version","Use the runtime version required by the project in the CI setup step or Docker base image."
"Java compilation failed: release version 21 not supported by installed JDK 17.","wrong_runtime_version","Use the runtime version required by the project in the CI setup step or Docker base image."
"Docker build failed: base image python:3.8 cannot install dependency requiring Python >=3.10.","wrong_runtime_version","Use the runtime version required by the project in the CI setup step or Docker base image."
"GitHub Actions job selected actions/setup-python 3.9 but pyproject requires >=3.11.","wrong_runtime_version","Use the runtime version required by the project in the CI setup step or Docker base image."
"Node workflow failed with error: The engine node is incompatible with this module. Expected >=20.","wrong_runtime_version","Use the runtime version required by the project in the CI setup step or Docker base image."
"Run npm ci failed: Unsupported engine package wants npm >=9 but current npm is 6.","wrong_runtime_version","Use the runtime version required by the project in the CI setup step or Docker base image."
"CI failed: package requires pnpm 9 but runner installed pnpm 7.","wrong_runtime_version","Use the runtime version required by the project in the CI setup step or Docker base image."
"Maven compiler plugin failed because source release 17 requires JDK 17 but JAVA_HOME points to JDK 8.","wrong_runtime_version","Use the runtime version required by the project in the CI setup step or Docker base image."
"GitHub runner output: This version of vite requires Node.js 18.0.0 or higher.","wrong_runtime_version","Use the runtime version required by the project in the CI setup step or Docker base image."
"Python tests skipped dependency install failure: package requires Python >=3.10 current 3.8.","wrong_runtime_version","Use the runtime version required by the project in the CI setup step or Docker base image."
"Build failed: node-sass does not support current Node.js 20 runtime.","wrong_runtime_version","Use the runtime version required by the project in the CI setup step or Docker base image."
"CI runtime mismatch: project .nvmrc says 18 but workflow uses node-version 16.","wrong_runtime_version","Use the runtime version required by the project in the CI setup step or Docker base image."
"setup-java configured distribution temurin version 11, but pom.xml uses maven.compiler.release 17.","wrong_runtime_version","Use the runtime version required by the project in the CI setup step or Docker base image."
"Run pip install failed because Django version requires Python 3.10 or newer.","wrong_runtime_version","Use the runtime version required by the project in the CI setup step or Docker base image."
"npm ERR! EBADENGINE Not compatible with your version of node/npm in GitHub Actions.","wrong_runtime_version","Use the runtime version required by the project in the CI setup step or Docker base image."
"The Docker base image uses node:14 but package engines require node >=18.","wrong_runtime_version","Use the runtime version required by the project in the CI setup step or Docker base image."
"GitHub workflow setup-python version 3.7 cannot install modern FastAPI dependencies.","wrong_runtime_version","Use the runtime version required by the project in the CI setup step or Docker base image."
"Java CI failed: class file has wrong version 61.0, should be 55.0.","wrong_runtime_version","Use the runtime version required by the project in the CI setup step or Docker base image."
"Frontend build failed because esbuild no longer supports Node.js 12.","wrong_runtime_version","Use the runtime version required by the project in the CI setup step or Docker base image."
"Python package installation failed: requires-python >=3.11 but current interpreter is 3.9.","wrong_runtime_version","Use the runtime version required by the project in the CI setup step or Docker base image."
"Maven test failed before tests: Unsupported class file major version 65 from Java 21 target.","wrong_runtime_version","Use the runtime version required by the project in the CI setup step or Docker base image."
"Node action failed: npm v10 requires Node.js 18.17.0 or higher.","wrong_runtime_version","Use the runtime version required by the project in the CI setup step or Docker base image."
"CI selected wrong Docker base runtime, causing application startup version error.","wrong_runtime_version","Use the runtime version required by the project in the CI setup step or Docker base image."
"Run node --version showed v16, then build failed because project requires v18.","wrong_runtime_version","Use the runtime version required by the project in the CI setup step or Docker base image."
"setup-python configured 3.12 but dependency supports only Python <3.12.","wrong_runtime_version","Use the runtime version required by the project in the CI setup step or Docker base image."
"GitHub Actions job failed with Process completed with exit code 1 but no specific error was printed.","unknown_failure","Review the full CI/CD logs to identify the root cause and add a more specific classifier example if it repeats."
"CI log ended unexpectedly after running tests. No stack trace or package manager error was available.","unknown_failure","Review the full CI/CD logs to identify the root cause and add a more specific classifier example if it repeats."
"Workflow cancelled by runner after timeout while waiting for command output.","unknown_failure","Review the full CI/CD logs to identify the root cause and add a more specific classifier example if it repeats."
"Build failed with generic error: command returned non-zero exit status 1.","unknown_failure","Review the full CI/CD logs to identify the root cause and add a more specific classifier example if it repeats."
"The job was cancelled because it exceeded the maximum execution time limit.","unknown_failure","Review the full CI/CD logs to identify the root cause and add a more specific classifier example if it repeats."
"GitHub runner lost connection during job execution and marked the workflow as failed.","unknown_failure","Review the full CI/CD logs to identify the root cause and add a more specific classifier example if it repeats."
"CI output: Error: The operation was canceled. No further diagnostic details were provided.","unknown_failure","Review the full CI/CD logs to identify the root cause and add a more specific classifier example if it repeats."
"Pipeline failed after checkout with unknown error from action runner.","unknown_failure","Review the full CI/CD logs to identify the root cause and add a more specific classifier example if it repeats."
"Job failed during post cleanup with exit code 1 and no application logs.","unknown_failure","Review the full CI/CD logs to identify the root cause and add a more specific classifier example if it repeats."
"Workflow failed: one or more commands failed without detailed stderr output.","unknown_failure","Review the full CI/CD logs to identify the root cause and add a more specific classifier example if it repeats."
"CI log contains only Error: Process completed with exit code 1 after custom script.","unknown_failure","Review the full CI/CD logs to identify the root cause and add a more specific classifier example if it repeats."
"The action failed with unexpected internal error, please rerun with debug logging.","unknown_failure","Review the full CI/CD logs to identify the root cause and add a more specific classifier example if it repeats."
"Runner stopped responding and the job was marked as failed.","unknown_failure","Review the full CI/CD logs to identify the root cause and add a more specific classifier example if it repeats."
"Generic failure in CI: command failed but no recognizable npm, pytest, Maven, Docker, or runtime error.","unknown_failure","Review the full CI/CD logs to identify the root cause and add a more specific classifier example if it repeats."
"Pipeline status failed after matrix job but logs do not include root cause.","unknown_failure","Review the full CI/CD logs to identify the root cause and add a more specific classifier example if it repeats."
"GitHub Actions reported failure in composite action with no nested error details.","unknown_failure","Review the full CI/CD logs to identify the root cause and add a more specific classifier example if it repeats."
"Job aborted due to manual cancellation during build step.","unknown_failure","Review the full CI/CD logs to identify the root cause and add a more specific classifier example if it repeats."
"CI log truncated before failure details, only exit code 1 is visible.","unknown_failure","Review the full CI/CD logs to identify the root cause and add a more specific classifier example if it repeats."
"Workflow failed while preparing environment; no package or language-specific error found.","unknown_failure","Review the full CI/CD logs to identify the root cause and add a more specific classifier example if it repeats."
"Unknown CI failure: script returned 1 without stderr.","unknown_failure","Review the full CI/CD logs to identify the root cause and add a more specific classifier example if it repeats."
"Job failed in custom deploy-check step with no recognized pattern.","unknown_failure","Review the full CI/CD logs to identify the root cause and add a more specific classifier example if it repeats."
"GitHub Actions runner error: An unexpected error occurred while executing the step.","unknown_failure","Review the full CI/CD logs to identify the root cause and add a more specific classifier example if it repeats."
"The workflow failed during cleanup, not enough details to classify the root cause.","unknown_failure","Review the full CI/CD logs to identify the root cause and add a more specific classifier example if it repeats."
"CI command returned non-zero status but output was suppressed by quiet mode.","unknown_failure","Review the full CI/CD logs to identify the root cause and add a more specific classifier example if it repeats."
"Pipeline failure: task failed without logs because debug output was disabled.","unknown_failure","Review the full CI/CD logs to identify the root cause and add a more specific classifier example if it repeats."
"The runner terminated the process unexpectedly and no stack trace was captured.","unknown_failure","Review the full CI/CD logs to identify the root cause and add a more specific classifier example if it repeats."
"GitHub Actions marked the workflow failed after a custom shell script exited 1.","unknown_failure","Review the full CI/CD logs to identify the root cause and add a more specific classifier example if it repeats."
"Unknown failure during cache restore and no dependency-specific error followed.","unknown_failure","Review the full CI/CD logs to identify the root cause and add a more specific classifier example if it repeats."
"Job failed after setup step with generic message: execution failed.","unknown_failure","Review the full CI/CD logs to identify the root cause and add a more specific classifier example if it repeats."
"The workflow failed for an unrecognized reason; inspect complete logs and rerun with verbose output.","unknown_failure","Review the full CI/CD logs to identify the root cause and add a more specific classifier example if it repeats."
